,City,Country,Date,Lat,Long,Max Temp,Humidity,Cloudiness,Wind Speed
0,Goderich,CA,2021-01-27 12:46:32,43.7501,-81.7165,24.8,86,100,12.66
1,Punta Arenas,CL,2021-01-27 12:49:57,-53.15,-70.9167,41.0,87,75,16.11
2,Chuy,UY,2021-01-27 12:50:42,-33.6971,-53.4616,78.91,67,24,5.35
3,Kargil,IN,2021-01-27 12:50:42,34.5667,76.1,-4.68,74,41,2.37
4,Kuytun,RU,2021-01-27 12:50:42,54.3419,101.5036,-16.4,86,100,9.62
5,Hithadhoo,MV,2021-01-27 12:50:43,-0.6,73.0833,82.02,75,100,11.27
6,Biga,TR,2021-01-27 12:50:26,40.2281,27.2422,33.6,94,100,15.39
7,Calatayud,ES,2021-01-27 12:50:44,41.3535,-1.6432,69.8,43,0,8.05
8,Iskateley,RU,2021-01-27 12:50:44,67.6803,53.1512,-8.64,86,100,14.29
9,Vaini,TO,2021-01-27 12:50:44,-21.2,-175.2,77.0,94,90,6.91
10,Atuona,PF,2021-01-27 12:50:44,-9.8,-139.0333,78.04,76,1,17.02
11,Deputatskiy,RU,2021-01-27 12:50:44,69.3,139.9,-33.83,85,100,0.85
12,Port Alfred,ZA,2021-01-27 12:50:45,-33.5906,26.891,71.01,86,100,5.01
13,Kinna,SE,2021-01-27 12:50:46,57.5073,12.6946,35.01,93,90,3.44
14,Ambilobe,MG,2021-01-27 12:50:46,-13.2,49.05,82.29,79,94,5.91
15,East London,ZA,2021-01-27 12:50:46,-33.0153,27.9116,66.2,94,40,14.97
16,Saint-Augustin,CA,2021-01-27 12:50:47,51.226,-58.6502,12.52,92,33,8.97
17,Iralaya,HN,2021-01-27 12:50:47,15.0,-83.2333,77.81,81,92,11.99
18,Bathsheba,BB,2021-01-27 12:50:48,13.2167,-59.5167,78.8,73,75,18.41
19,Hilo,US,2021-01-27 12:50:48,19.7297,-155.09,68.0,88,90,16.11
20,Ushuaia,AR,2021-01-27 12:48:07,-54.8,-68.3,39.2,70,90,17.27
21,Torbay,CA,2021-01-27 12:50:48,47.6666,-52.7314,32.0,86,90,14.97
22,Swidwin,PL,2021-01-27 12:50:49,53.7746,15.7767,35.01,89,9,7.67
23,Khatanga,RU,2021-01-27 12:50:49,71.9667,102.5,-28.44,80,0,8.84
24,Busselton,AU,2021-01-27 12:50:49,-33.65,115.3333,60.01,61,0,3.0
25,Thompson,CA,2021-01-27 12:50:50,55.7435,-97.8558,-29.2,75,20,2.3
26,Coquimbo,CL,2021-01-27 12:50:50,-29.9533,-71.3436,60.8,88,75,6.91
27,Cape Town,ZA,2021-01-27 12:49:32,-33.9258,18.4232,75.2,41,20,27.63
28,Saint Anthony,US,2021-01-27 12:50:50,45.0205,-93.218,10.4,56,90,6.91
29,Port Hardy,CA,2021-01-27 12:50:51,50.6996,-127.4199,39.2,81,90,14.97
30,Puerto Ayora,EC,2021-01-27 12:46:24,-0.7393,-90.3518,77.0,93,88,4.0
31,Mahina,PF,2021-01-27 12:50:51,-17.5065,-149.489,75.2,83,0,3.44
32,New Norfolk,AU,2021-01-27 12:50:52,-42.7826,147.0587,55.0,64,66,1.01
33,Iqaluit,CA,2021-01-27 12:50:52,63.7506,-68.5145,-13.0,77,1,9.89
34,Hobart,AU,2021-01-27 12:50:52,-42.8794,147.3294,55.4,54,75,8.05
35,Bluff,NZ,2021-01-27 12:50:52,-46.6,168.3333,55.0,80,100,18.99
36,Bonavista,CA,2021-01-27 12:50:53,48.6499,-53.1147,30.99,93,74,5.75
37,Haines Junction,CA,2021-01-27 12:50:54,60.7522,-137.5108,-20.2,69,37,2.3
38,Caravelas,BR,2021-01-27 12:50:54,-17.7125,-39.2481,83.5,58,100,7.61
39,Ribeira Grande,PT,2021-01-27 12:50:54,38.5167,-28.7,62.08,80,12,27.29
40,Bambous Virieux,MU,2021-01-27 12:50:54,-20.3428,57.7575,84.2,65,75,4.61
41,Albany,US,2021-01-27 12:47:07,42.6001,-73.9662,28.0,81,97,4.25
42,Munkebo,DK,2021-01-27 12:50:55,55.4618,10.5558,35.6,93,90,8.05
43,Beringovskiy,RU,2021-01-27 12:50:55,63.05,179.3167,19.22,97,100,29.04
44,Fortuna,US,2021-01-27 12:50:56,40.5982,-124.1573,43.0,93,90,18.41
45,Kommunisticheskiy,RU,2021-01-27 12:50:56,61.6789,64.4819,-1.43,93,100,6.29
46,Solnechnyy,RU,2021-01-27 12:50:56,50.7214,136.6319,-9.47,85,100,4.0
47,Dryden,CA,2021-01-27 12:50:57,49.7833,-92.7503,-25.6,75,1,2.3
48,Suntar,RU,2021-01-27 12:50:57,62.1444,117.6319,-44.75,78,67,2.28
49,Meadow Lake,US,2021-01-27 12:50:58,34.8014,-106.5436,15.8,79,20,5.75
50,Dalbandin,PK,2021-01-27 12:50:58,28.8947,64.4101,58.3,23,0,6.64
51,Lata,PT,2021-01-27 12:50:58,40.1629,-8.3327,61.0,96,98,1.01
52,Port Elizabeth,ZA,2021-01-27 12:46:40,-33.918,25.5701,71.6,68,20,26.46
53,Karaton,ID,2021-01-27 12:50:59,-6.3424,106.1045,82.0,83,75,3.44
54,Clyde River,CA,2021-01-27 12:51:00,70.4692,-68.5914,-2.2,60,1,8.05
55,Luwuk,ID,2021-01-27 12:51:00,-0.9516,122.7875,79.99,64,90,5.84
56,Dikson,RU,2021-01-27 12:51:01,73.5069,80.5464,-21.68,86,100,7.58
57,Rikitea,PF,2021-01-27 12:51:02,-23.1203,-134.9692,79.36,74,43,14.94
58,Souillac,MU,2021-01-27 12:51:02,-20.5167,57.5167,84.2,65,75,4.61
59,Westport,US,2021-01-27 12:49:20,41.1415,-73.3579,32.0,86,90,5.75
60,Avarua,CK,2021-01-27 12:51:03,-21.2078,-159.775,80.6,78,40,18.41
61,Ostrovnoy,RU,2021-01-27 12:51:03,68.0531,39.5131,9.14,94,100,18.23
62,Yulara,AU,2021-01-27 12:51:04,-25.2406,130.9889,82.4,57,100,8.05
63,Longyearbyen,SJ,2021-01-27 12:51:04,78.2186,15.6401,8.6,61,20,17.27
64,Pitimbu,BR,2021-01-27 12:51:05,-7.4706,-34.8086,84.2,74,75,9.22
65,Innerleithen,GB,2021-01-27 12:51:05,55.6193,-3.063,37.99,10,95,1.99
66,Emerald,AU,2021-01-27 12:51:05,-23.5333,148.1667,86.0,51,40,16.11
67,Kaspiyskiy,RU,2021-01-27 12:51:05,45.3929,47.3707,37.06,81,82,25.28
68,Mount Isa,AU,2021-01-27 12:51:05,-20.7333,139.5,87.8,51,75,4.61
69,Drayton Valley,CA,2021-01-27 12:50:26,53.2168,-114.9854,-3.82,92,100,1.88
70,Porbandar,IN,2021-01-27 12:51:06,21.6422,69.6093,73.6,26,78,13.02
71,Lujan,AR,2021-01-27 12:51:06,-34.5703,-59.105,84.0,49,0,1.99
72,Paamiut,GL,2021-01-27 12:51:06,61.994,-49.6678,16.05,79,0,6.06
73,Ngunguru,NZ,2021-01-27 12:50:13,-35.6167,174.5,64.99,88,17,4.81
74,Ilo,PE,2021-01-27 12:51:07,-17.6394,-71.3375,70.99,72,39,7.56
75,Upernavik,GL,2021-01-27 12:51:07,72.7868,-56.1549,1.31,90,100,4.9
76,Bukama,CD,2021-01-27 12:51:07,-9.2,25.85,87.28,60,0,1.36
77,Nara,JP,2021-01-27 12:48:44,34.6851,135.8049,48.99,45,20,4.5
78,Ponta Do Sol,PT,2021-01-27 12:51:09,32.6667,-17.1,66.0,88,40,5.75
79,Alanya,TR,2021-01-27 12:51:09,36.5438,31.9998,66.2,34,75,13.8
80,Leningradskiy,RU,2021-01-27 12:51:10,69.3833,178.4167,-20.43,86,100,1.92
81,Chumikan,RU,2021-01-27 12:51:10,54.7183,135.315,-10.1,88,100,4.5
82,Barrow,US,2021-01-27 12:51:11,71.2906,-156.7887,-11.2,77,90,6.91
83,Saurimo,AO,2021-01-27 12:51:11,-9.6608,20.3916,84.2,54,75,5.75
84,Lagoa,PT,2021-01-27 12:51:11,39.05,-27.9833,60.76,83,0,22.3
85,Chokurdakh,RU,2021-01-27 12:51:12,70.6333,147.9167,-25.26,85,100,10.85
86,Blyth,GB,2021-01-27 12:51:12,55.1271,-1.5086,41.0,93,75,3.44
87,Shimoda,JP,2021-01-27 12:51:12,34.6667,138.95,46.0,74,13,3.0
88,Provideniya,RU,2021-01-27 12:51:13,64.3833,-173.3,0.03,88,100,21.9
89,Bandar,ID,2021-01-27 12:51:13,2.05,99.75,74.95,90,100,2.24
90,Hambantota,LK,2021-01-27 12:51:13,6.1241,81.1185,82.4,78,40,11.5
91,Kahului,US,2021-01-27 12:51:13,20.8947,-156.47,71.6,78,1,12.66
92,Jamestown,US,2021-01-27 12:46:39,42.097,-79.2353,25.0,100,90,8.79
93,Mazyr,BY,2021-01-27 12:51:14,52.0495,29.2456,31.44,96,100,7.74
94,Krynychky,UA,2021-01-27 12:51:14,48.3755,34.467,42.8,100,75,6.71
95,Innisfail,AU,2021-01-27 12:51:15,-17.5333,146.0333,76.5,88,100,3.0
96,Necochea,AR,2021-01-27 12:51:15,-38.5473,-58.7368,69.01,72,0,13.58
97,Yellowknife,CA,2021-01-27 12:48:03,62.456,-114.3525,-9.4,77,90,2.62
98,Hami,CN,2021-01-27 12:51:15,42.8,93.45,21.61,80,0,3.6
99,Lambarene,GA,2021-01-27 12:51:16,-0.7001,10.2406,87.35,61,36,2.93
100,Butaritari,KI,2021-01-27 12:51:16,3.0707,172.7902,80.55,80,0,11.9
101,Baykit,RU,2021-01-27 12:51:16,61.67,96.37,-31.29,79,100,5.14
102,Ketchikan,US,2021-01-27 12:51:16,55.3422,-131.6461,23.0,93,1,4.61
103,Ridgecrest,US,2021-01-27 12:51:16,35.6225,-117.6709,41.0,56,90,5.66
104,Bredasdorp,ZA,2021-01-27 12:51:16,-34.5322,20.0403,75.2,38,40,11.5
105,Taoudenni,ML,2021-01-27 12:51:17,22.6783,-3.9836,85.14,13,0,17.13
106,Sisimiut,GL,2021-01-27 12:51:17,66.9395,-53.6735,6.76,84,0,9.28
107,Manicore,BR,2021-01-27 12:51:17,-5.8092,-61.3003,78.26,91,78,2.66
108,Nome,US,2021-01-27 12:51:17,64.5011,-165.4064,6.8,85,90,9.22
109,Svetlogorsk,BY,2021-01-27 12:51:18,52.6333,29.7333,30.9,96,100,8.66
110,Tiksi,RU,2021-01-27 12:51:18,71.6872,128.8694,-34.89,79,100,2.51
111,Tuktoyaktuk,CA,2021-01-27 12:51:18,69.4541,-133.0374,-19.19,88,100,7.85
112,Guerrero Negro,MX,2021-01-27 12:51:18,27.9769,-114.0611,51.12,65,94,4.81
113,Chapais,CA,2021-01-27 12:51:18,49.7834,-74.8492,15.8,92,90,8.05
114,Camacha,PT,2021-01-27 12:51:19,33.0833,-16.3333,62.6,94,75,4.61
115,Cape Coast,GH,2021-01-27 12:51:19,5.1053,-1.2466,85.53,64,36,9.91
116,Mahebourg,MU,2021-01-27 12:51:19,-20.4081,57.7,84.2,65,75,4.61
117,Oroville,US,2021-01-27 12:51:19,39.5138,-121.5564,44.01,89,100,15.59
118,Wuchang,CN,2021-01-27 12:51:20,44.9143,127.15,-1.64,91,89,5.1
119,Urumita,CO,2021-01-27 12:51:20,10.5589,-73.0123,77.07,55,100,6.06
120,Victoria,HK,2021-01-27 12:47:14,22.2855,114.1577,66.0,83,25,1.99
121,Sitio Novo Do Tocantins,BR,2021-01-27 12:51:20,-5.5183,-47.4611,85.01,70,100,1.9
122,Hermanus,ZA,2021-01-27 12:51:20,-34.4187,19.2345,66.47,64,96,11.45
123,Murray Bridge,AU,2021-01-27 12:51:21,-35.1167,139.2667,61.0,91,42,1.01
124,Artyom,AZ,2021-01-27 12:51:21,40.4723,50.333,48.2,81,75,23.02
125,Karpathos,GR,2021-01-27 12:51:21,35.507,27.2132,55.4,58,40,31.07
126,Gat,IL,2021-01-27 12:51:21,31.61,34.7642,66.99,47,58,1.99
127,Pulandian,CN,2021-01-27 12:51:21,39.3953,121.9669,39.2,70,0,11.18
128,Bethel,US,2021-01-27 12:51:02,41.3712,-73.414,28.99,93,75,4.81
129,Baza,ES,2021-01-27 12:51:22,37.4907,-2.7726,60.01,72,14,7.52
130,Batsfjord,NO,2021-01-27 12:51:22,70.6345,29.7185,24.8,86,75,24.16
131,Kapaa,US,2021-01-27 12:51:22,22.0752,-159.319,73.99,88,20,17.27
132,Boralday,KZ,2021-01-27 12:51:22,43.3578,76.8594,18.25,91,14,1.77
133,Sorland,NO,2021-01-27 12:51:23,67.667,12.6934,33.8,75,20,16.11
134,Harper,LR,2021-01-27 12:51:23,4.375,-7.7169,83.12,74,15,5.1
135,Arraial Do Cabo,BR,2021-01-27 12:51:23,-22.9661,-42.0278,84.2,58,0,23.02
136,Yefremov,RU,2021-01-27 12:47:23,53.1481,38.0992,31.8,99,100,2.57
137,Oliva,ES,2021-01-27 12:51:23,38.9197,-0.1194,73.99,51,0,5.01
138,Great Falls,US,2021-01-27 12:47:50,47.5002,-111.3008,21.0,63,1,9.22
139,Kodiak,US,2021-01-27 12:51:24,57.79,-152.4072,28.4,74,1,3.44
140,Qaanaaq,GL,2021-01-27 12:51:24,77.484,-69.3632,-14.93,64,0,4.88
141,Iquique,CL,2021-01-27 12:50:01,-20.2208,-70.1431,68.0,73,0,3.44
142,Smithers,CA,2021-01-27 12:49:55,54.7804,-127.1743,19.4,93,90,2.3
143,Doka,SD,2021-01-27 12:47:02,13.5167,35.7667,99.77,15,0,12.39
144,Mataura,NZ,2021-01-27 12:51:24,-46.1927,168.8643,55.0,80,8,18.99
145,Eureka,US,2021-01-27 12:47:22,40.8021,-124.1637,44.01,86,100,7.0
146,Lancaster,US,2021-01-27 12:51:25,40.2504,-76.2499,35.6,80,90,5.75
147,Gondanglegi,ID,2021-01-27 12:51:25,-7.7479,112.0132,76.3,84,100,1.52
148,Vao,NC,2021-01-27 12:51:25,-22.6667,167.4833,77.5,82,100,19.37
149,Pisco,PE,2021-01-27 12:51:25,-13.7,-76.2167,66.99,91,38,1.01
150,Constitucion,CL,2021-01-27 12:51:25,-35.3333,-72.4167,64.9,44,0,3.83
151,Castro,BR,2021-01-27 12:49:33,-24.7911,-50.0119,76.91,67,100,12.68
152,Ixtapa,MX,2021-01-27 12:51:26,20.7,-105.2,61.0,93,100,1.97
153,Ajaccio,FR,2021-01-27 12:51:26,42.0,8.9167,53.6,54,0,4.61
154,Tasiilaq,GL,2021-01-27 12:51:26,65.6145,-37.6368,14.45,89,100,9.64
155,Nanortalik,GL,2021-01-27 12:51:26,60.1432,-45.2371,23.0,87,100,4.29
156,Ucluelet,CA,2021-01-27 12:51:26,48.9329,-125.5528,39.0,82,100,10.22
157,Sao Filipe,CV,2021-01-27 12:51:27,14.8961,-24.4956,77.88,55,0,6.46
158,Bilibino,RU,2021-01-27 12:51:27,68.0546,166.4372,-15.48,82,100,6.02
159,Soyo,AO,2021-01-27 12:51:27,-6.1349,12.3689,89.6,62,20,8.05
160,Shingu,JP,2021-01-27 12:51:28,33.7333,135.9833,43.84,75,0,8.66
161,Yar-Sale,RU,2021-01-27 12:51:28,66.8333,70.8333,-38.67,79,0,7.94
162,Linguere,SN,2021-01-27 12:51:28,15.3953,-15.1193,95.0,20,0,9.22
163,Gazli,UZ,2021-01-27 12:51:28,40.1333,63.45,41.77,63,0,7.87
164,Cabedelo,BR,2021-01-27 12:51:28,-6.9811,-34.8339,84.2,74,75,9.22
165,Novoagansk,RU,2021-01-27 12:51:29,61.9449,76.6625,-32.01,82,52,7.11
166,Kavieng,PG,2021-01-27 12:51:29,-2.5744,150.7967,83.25,76,100,10.4
167,Saint-Philippe,RE,2021-01-27 12:51:29,-21.3585,55.7679,86.0,58,0,11.5
168,Petropavlovsk-Kamchatskiy,RU,2021-01-27 12:51:29,53.0452,158.6483,15.8,62,0,11.18
169,Esperance,AU,2021-01-27 12:51:29,-33.8667,121.9,64.4,82,90,14.97
170,Tuatapere,NZ,2021-01-27 12:50:13,-46.1333,167.6833,55.0,80,100,18.99
171,Hit,IQ,2021-01-27 12:51:30,33.6416,42.8251,63.7,28,100,10.29
172,Yarada,IN,2021-01-27 12:51:30,17.65,83.2667,78.8,73,20,4.61
173,Songwa,TZ,2021-01-27 12:51:30,-3.5167,33.5167,82.74,45,73,4.59
174,Laureles,US,2021-01-27 12:51:30,26.1092,-97.4941,70.0,94,90,11.5
175,Lithgow,AU,2021-01-27 12:51:30,-33.4833,150.15,57.0,43,100,7.0
176,Gillette,US,2021-01-27 12:51:31,44.2911,-105.5022,10.99,85,1,6.91
177,Beloha,MG,2021-01-27 12:51:31,-25.1667,45.05,90.23,51,27,19.77
178,Kaitangata,NZ,2021-01-27 12:51:31,-46.2817,169.8464,55.0,73,1,1.99
179,Antofagasta,CL,2021-01-27 12:50:02,-23.65,-70.4,75.99,77,20,4.61
180,Telde,ES,2021-01-27 12:48:01,27.9924,-15.4192,77.0,73,0,16.11
181,Salinopolis,BR,2021-01-27 12:51:31,-0.6136,-47.3561,81.9,79,81,8.05
182,Adrar,MR,2021-01-27 12:51:32,20.5022,-10.0711,84.7,12,0,17.83
183,Tucuman,AR,2021-01-27 12:50:22,-26.8241,-65.2226,75.2,73,0,4.61
184,Oxapampa,PE,2021-01-27 12:51:32,-10.5775,-75.4017,60.75,92,100,1.12
185,Mar Del Plata,AR,2021-01-27 12:51:32,-38.0023,-57.5575,72.0,68,20,16.11
186,Fare,PF,2021-01-27 12:51:32,-16.7,-151.0167,80.06,74,3,14.9
187,Khipro,PK,2021-01-27 12:51:33,25.8285,69.3772,62.42,27,0,4.56
188,Coari,BR,2021-01-27 12:51:33,-4.085,-63.1414,75.22,95,98,1.12
189,Tourlaville,FR,2021-01-27 12:51:33,49.6383,-1.5664,50.0,100,90,12.66
190,Rocha,UY,2021-01-27 12:51:33,-34.4833,-54.3333,81.27,64,96,14.03
191,Airai,TL,2021-01-27 12:51:33,-8.9266,125.4092,62.29,100,100,3.02
192,Kenora,CA,2021-01-27 12:48:00,49.8167,-94.4337,-23.01,76,1,2.3
193,Turiacu,BR,2021-01-27 12:51:34,-1.6633,-45.3717,84.52,69,59,4.43
194,Derzhavinsk,KZ,2021-01-27 12:51:34,51.1,66.3167,16.56,97,99,11.01
195,Ellisras,ZA,2021-01-27 12:51:34,-23.6649,27.7443,86.25,48,98,9.69
196,Faanui,PF,2021-01-27 12:51:34,-16.4833,-151.75,79.68,76,0,16.62
197,Muros,ES,2021-01-27 12:51:34,42.7762,-9.0603,60.01,94,100,5.01
198,Bac Lieu,VN,2021-01-27 12:50:25,9.285,105.7244,77.94,80,100,17.05
199,Bonfim,BR,2021-01-27 12:51:35,3.0833,-59.95,78.8,83,20,13.8
200,Jawhar,SO,2021-01-27 12:51:35,2.7809,45.5005,93.04,36,14,21.05
201,El Chichicaste,HN,2021-01-27 12:51:35,14.0667,-86.3,68.04,84,63,1.79
202,Oussouye,SN,2021-01-27 12:51:35,12.485,-16.5469,89.6,20,0,13.8
203,Sturgis,US,2021-01-27 12:51:36,41.7992,-85.4192,17.01,86,1,5.75
204,Hanesti,RO,2021-01-27 12:51:37,47.9167,26.9833,33.01,74,75,16.11
205,Arras,FR,2021-01-27 12:51:37,50.293,2.7819,46.0,98,100,3.0
206,Pangnirtung,CA,2021-01-27 12:51:37,66.1451,-65.7125,-2.2,78,1,3.44
207,La Union,PE,2021-01-27 12:51:37,-5.4,-80.75,76.35,62,28,9.57
208,Kangaatsiaq,GL,2021-01-27 12:51:37,68.3065,-53.4641,4.37,93,35,7.07
209,Ilulissat,GL,2021-01-27 12:51:37,69.2167,-51.1,-2.78,77,0,4.34
210,Saldanha,ZA,2021-01-27 12:51:33,-33.0117,17.9442,75.2,67,0,28.77
211,Huanren,CN,2021-01-27 12:51:38,41.2647,125.3667,21.79,86,100,3.2
212,Cabo San Lucas,MX,2021-01-27 12:49:05,22.8909,-109.9124,57.99,55,100,7.0
213,Namibe,AO,2021-01-27 12:51:38,-15.1961,12.1522,86.0,48,20,16.11
214,Carnarvon,AU,2021-01-27 12:51:38,-24.8667,113.6333,77.0,69,0,23.02
215,Bengkulu,ID,2021-01-27 12:51:38,-3.8004,102.2655,77.49,85,100,4.21
216,San Patricio,US,2021-01-27 12:51:39,28.017,-97.5169,57.0,67,90,21.85
217,Kaeo,NZ,2021-01-27 12:51:39,-35.1,173.7833,64.99,88,13,2.82
218,Mangochi,MW,2021-01-27 12:51:39,-14.4782,35.2645,84.4,60,64,2.21
219,Vardo,NO,2021-01-27 12:51:39,70.3705,31.1107,24.8,68,75,25.32
220,Andilamena,MG,2021-01-27 12:51:40,-17.0167,48.5833,76.66,75,39,5.26
221,Broome,US,2021-01-27 12:51:40,42.2506,-75.833,27.0,80,90,14.97
222,Nurmahal,IN,2021-01-27 12:51:40,31.0964,75.5967,54.9,42,0,4.41
223,Sur,OM,2021-01-27 12:51:40,22.5667,59.5289,71.04,63,0,12.82
224,Sechura,PE,2021-01-27 12:51:41,-5.5569,-80.8222,74.89,69,22,10.38
225,Arkhangelsk,RU,2021-01-27 12:51:41,64.5401,40.5433,32.0,93,90,4.47
226,Kruisfontein,ZA,2021-01-27 12:51:41,-34.0033,24.7314,78.01,42,83,10.0
227,Honningsvag,NO,2021-01-27 12:51:41,70.9821,25.9704,26.6,68,75,21.85
228,Honiara,SB,2021-01-27 12:51:41,-9.4333,159.95,77.49,85,100,3.58
229,Bubaque,GW,2021-01-27 12:51:42,11.2833,-15.8333,77.29,49,0,1.83
230,Comodoro Rivadavia,AR,2021-01-27 12:51:42,-45.8667,-67.5,59.0,51,40,13.8
231,Hays,US,2021-01-27 12:51:42,30.0502,-98.0336,46.0,70,7,8.59
232,Plettenberg Bay,ZA,2021-01-27 12:51:42,-34.0527,23.3716,66.88,85,100,13.2
233,Alofi,NU,2021-01-27 12:51:42,-19.0595,-169.9187,75.2,88,100,6.91
234,La Ronge,CA,2021-01-27 12:51:42,55.1001,-105.2842,-14.8,76,100,4.61
235,Lebu,CL,2021-01-27 12:51:43,-37.6167,-73.65,57.92,73,68,8.63
236,Marzuq,YE,2021-01-27 12:51:43,14.4,46.4667,79.0,17,0,4.9
237,Mbandaka,CD,2021-01-27 12:51:43,0.0487,18.2603,84.56,61,100,6.35
238,Killin,US,2021-01-27 12:51:44,33.6123,-91.7412,42.8,81,1,4.61
239,Port Macquarie,AU,2021-01-27 12:46:53,-31.4333,152.9167,73.99,76,74,1.99
240,Mae Sot,TH,2021-01-27 12:51:44,16.7167,98.5667,77.09,49,21,1.66
241,Ahipara,NZ,2021-01-27 12:51:44,-35.1667,173.1667,64.2,93,70,4.88
242,Manaus,BR,2021-01-27 12:47:17,-3.1019,-60.025,75.2,94,75,1.14
243,Dunedin,NZ,2021-01-27 12:51:44,-45.8742,170.5036,57.0,82,29,7.29
244,Baoro,CF,2021-01-27 12:51:45,5.6667,15.9667,97.5,14,10,8.37
245,Prince Rupert,CA,2021-01-27 12:51:45,54.3161,-130.3201,33.8,86,75,8.05
246,Padang,ID,2021-01-27 12:51:45,-0.9492,100.3543,73.4,94,75,6.91
247,Arman,RU,2021-01-27 12:51:45,59.7,150.1667,-14.3,80,0,8.84
248,Basco,PH,2021-01-27 12:51:45,20.4487,121.9702,73.76,80,6,21.12
249,Ust-Kuyga,RU,2021-01-27 12:51:46,70.0167,135.6,-37.86,78,96,2.51
250,Koumac,NC,2021-01-27 12:51:46,-20.5667,164.2833,78.13,77,100,4.63
251,Indapur,IN,2021-01-27 12:51:46,18.3,73.25,76.91,43,0,4.16
252,Fort Nelson,CA,2021-01-27 12:51:46,58.8053,-122.7002,-7.6,71,90,6.91
253,Jiaocheng,CN,2021-01-27 12:51:46,24.6774,116.1389,62.69,63,48,1.45
254,Klaksvik,FO,2021-01-27 12:51:47,62.2266,-6.589,33.8,75,59,8.05
255,Faya,SA,2021-01-27 12:51:47,18.3851,42.4509,75.2,16,20,14.97
256,Lexington,US,2021-01-27 12:49:46,37.9887,-84.4777,33.01,74,90,6.91
257,Ambon,ID,2021-01-27 12:48:06,-3.6954,128.1814,80.6,78,40,1.14
258,Saint-Leu,RE,2021-01-27 12:51:48,-21.15,55.2833,86.0,58,0,11.5
259,Chuzhou,CN,2021-01-27 12:51:48,32.3219,118.2978,46.0,72,100,2.1
260,Hanna,CA,2021-01-27 12:51:48,51.6334,-111.9018,8.6,100,95,8.05
261,Whitehorse,CA,2021-01-27 12:51:48,60.7161,-135.0538,-14.8,76,1,5.75
262,Katsuura,JP,2021-01-27 12:51:48,35.1333,140.3,51.8,43,0,21.85
263,Cidreira,BR,2021-01-27 12:51:49,-30.1811,-50.2056,82.2,67,89,5.95
264,Ordzhonikidze,KZ,2021-01-27 12:51:49,52.4411,61.7408,20.5,96,100,10.56
265,Rio Grande,BR,2021-01-27 12:50:17,-32.035,-52.0986,78.8,94,40,9.22
266,Tromso,NO,2021-01-27 12:51:50,69.6496,18.957,24.8,58,0,17.27
267,Saskylakh,RU,2021-01-27 12:51:50,71.9167,114.0833,-39.5,80,92,1.45
268,Kapit,MY,2021-01-27 12:51:50,2.0167,112.9333,74.48,93,100,0.85
269,Muroto,JP,2021-01-27 12:51:50,33.2833,134.15,52.68,68,0,18.54
270,Cherskiy,RU,2021-01-27 12:51:50,68.75,161.3,-25.87,83,100,2.46
271,Azangaro,PE,2021-01-27 12:51:51,-14.9167,-70.2167,48.61,58,14,1.14
272,Kloulklubed,PW,2021-01-27 12:51:51,7.0419,134.2556,77.0,94,90,3.44
273,Sibut,CF,2021-01-27 12:51:51,5.718,19.0739,102.79,15,100,4.79
274,Mangrol,IN,2021-01-27 12:47:10,21.1167,70.1167,73.54,45,0,13.82
275,Fuling,CN,2021-01-27 12:51:52,29.7022,107.3919,45.81,81,4,1.01
276,Orange Cove,US,2021-01-27 12:51:52,36.6244,-119.3137,50.0,71,90,13.8
277,Charsadda,PK,2021-01-27 12:51:52,34.1435,71.7317,69.8,24,75,4.61
278,Isangel,VU,2021-01-27 12:51:52,-19.55,169.2667,79.59,84,100,13.94
279,Palana,RU,2021-01-27 12:51:52,59.1167,159.9667,-1.84,95,100,12.44
280,Talnakh,RU,2021-01-27 12:51:53,69.4865,88.3972,-19.55,82,100,2.66
281,Portland,US,2021-01-27 12:49:53,45.5234,-122.6762,37.99,93,90,2.93
282,Salalah,OM,2021-01-27 12:51:53,17.0151,54.0924,78.8,61,0,9.22
283,Bozova,TR,2021-01-27 12:51:53,37.3625,38.5267,53.6,37,75,19.57
284,Hobyo,SO,2021-01-27 12:51:54,5.3505,48.5268,78.96,69,67,22.32
285,Korla,CN,2021-01-27 12:51:54,41.7597,86.1469,25.68,78,0,3.94
286,Nguru,NG,2021-01-27 12:51:54,12.8791,10.4526,93.56,10,48,15.86
287,Jampur,PK,2021-01-27 12:51:54,29.6441,70.5954,58.89,28,0,3.69
288,Sakaiminato,JP,2021-01-27 12:51:54,35.55,133.2333,46.4,61,75,10.36
289,Ukiah,US,2021-01-27 12:51:55,39.1502,-123.2078,39.99,93,90,6.22
290,Tateyama,JP,2021-01-27 12:51:55,34.9833,139.8667,51.01,47,40,10.0
291,Nasirabad,IN,2021-01-27 12:51:56,26.3,74.7333,58.89,33,0,4.5
292,Andrelandia,BR,2021-01-27 12:51:56,-21.7397,-44.3092,75.65,69,80,6.33
293,Rathdrum,US,2021-01-27 12:51:56,47.8137,-116.892,27.0,86,75,11.5
294,Sangar,RU,2021-01-27 12:51:56,63.9242,127.4739,-54.8,68,89,2.82
295,Kokopo,PG,2021-01-27 12:51:56,-4.352,152.2633,80.46,81,82,5.91
296,Poum,NC,2021-01-27 12:51:57,-20.2333,164.0167,80.31,75,99,13.6
297,Aykhal,RU,2021-01-27 12:51:57,66.0,111.5,-36.72,74,1,2.46
298,Saint George,US,2021-01-27 12:51:58,37.1041,-113.5841,36.0,64,90,6.91
299,Lagodekhi,GE,2021-01-27 12:51:58,41.8268,46.2767,53.6,37,20,6.91
300,Athabasca,CA,2021-01-27 12:51:58,54.7169,-113.2854,-0.4,78,94,3.44
301,Los Llanos De Aridane,ES,2021-01-27 12:51:59,28.6585,-17.9182,71.6,64,40,8.05
302,Georgetown,MY,2021-01-27 12:51:59,5.4112,100.3354,80.01,94,40,4.61
303,Wyndham,US,2021-01-27 12:51:59,37.6985,-77.6125,39.99,93,90,6.29
304,Allahganj,IN,2021-01-27 12:52:00,27.55,79.6833,56.79,45,0,3.44
305,Lokosovo,RU,2021-01-27 12:52:00,61.1333,74.8167,-27.94,83,88,4.99
306,Mayo,US,2021-01-27 12:52:00,38.8876,-76.5119,39.2,93,90,6.91
307,Bassano,CA,2021-01-27 12:52:01,50.7834,-112.4685,8.6,92,97,4.61
308,Half Moon Bay,US,2021-01-27 12:52:01,37.4636,-122.4286,52.0,93,75,6.91
309,Carauari,BR,2021-01-27 12:48:17,-4.8828,-66.8958,78.19,84,100,1.66
310,Sao Geraldo Do Araguaia,BR,2021-01-27 12:52:02,-6.4006,-48.555,83.01,74,90,3.85
311,Luanda,AO,2021-01-27 12:51:31,-8.8368,13.2343,86.0,66,75,10.36
312,Phulera,IN,2021-01-27 12:52:02,26.8667,75.2333,64.4,32,0,4.61
313,Kalengwa,ZM,2021-01-27 12:52:02,-13.4659,25.0027,73.45,74,13,9.44
314,Hofn,IS,2021-01-27 12:52:03,64.2539,-15.2082,28.4,59,0,8.05
315,Turukhansk,RU,2021-01-27 12:52:03,65.8167,87.9833,-26.28,85,100,10.78
316,Reitz,ZA,2021-01-27 12:52:03,-27.8014,28.4273,76.55,58,85,13.96
317,Severo-Kurilsk,RU,2021-01-27 12:52:04,50.6789,156.125,24.39,94,64,10.56
318,Kilindoni,TZ,2021-01-27 12:52:04,-7.9139,39.6668,83.89,69,0,10.31
319,Saint-Pierre,RE,2021-01-27 12:52:04,-21.3393,55.4781,86.0,58,0,11.5
320,Port Lincoln,AU,2021-01-27 12:52:05,-34.7333,135.8667,64.33,74,0,17.13
321,Grahamstown,ZA,2021-01-27 12:52:06,-33.3042,26.5328,71.01,86,100,5.01
322,Flinders,AU,2021-01-27 12:52:06,-34.5833,150.8552,66.99,91,100,4.0
323,Kingston,JM,2021-01-27 12:52:06,17.997,-76.7936,78.01,74,0,1.99
324,Gladstone,AU,2021-01-27 12:52:07,-23.85,151.25,80.6,69,10,12.66
325,Havelock,US,2021-01-27 12:52:07,34.8791,-76.9013,53.01,100,75,5.75
326,Gizo,SB,2021-01-27 12:52:08,-8.103,156.8419,84.36,75,100,11.01
327,Batticaloa,LK,2021-01-27 12:52:08,7.7102,81.6924,77.22,76,100,13.22
328,Katherine,AU,2021-01-27 12:52:08,-14.4667,132.2667,78.8,94,75,6.91
329,Arroyos Y Esteros,PY,2021-01-27 12:52:09,-25.0667,-57.1,77.0,88,75,8.05
330,Podosinovets,RU,2021-01-27 12:52:10,60.2776,47.0659,31.86,97,100,10.71
331,Teguise,ES,2021-01-27 12:52:10,29.0605,-13.564,66.2,88,20,12.66
332,Oksfjord,NO,2021-01-27 12:52:10,70.2396,22.3479,23.0,85,75,2.3
333,Terrace,CA,2021-01-27 12:52:10,54.5163,-128.6035,23.0,80,75,20.71
334,Floro,NO,2021-01-27 12:52:10,61.5996,5.0328,30.2,80,20,6.91
335,Geraldton,AU,2021-01-27 12:52:11,-28.7667,114.6,71.6,64,40,23.02
336,Lompoc,US,2021-01-27 12:51:37,34.6391,-120.4579,50.0,87,90,13.8
337,Ossora,RU,2021-01-27 12:52:12,59.2353,163.0719,0.77,85,100,15.57
338,Olinda,BR,2021-01-27 12:52:12,-8.0089,-34.8553,75.2,88,75,3.44
339,Paracuru,BR,2021-01-27 12:48:31,-3.41,-39.0306,82.99,69,87,18.01
340,Vidalia,US,2021-01-27 12:52:12,32.2177,-82.4135,55.4,88,90,4.61
341,Grand Baie,MU,2021-01-27 12:52:12,-20.0182,57.5802,81.0,77,16,4.0
342,Saint-Francois,FR,2021-01-27 12:52:13,46.4154,3.9054,44.01,100,90,3.44
343,Brookings,US,2021-01-27 12:52:13,44.3114,-96.7984,3.99,85,1,4.97
344,Kungurtug,RU,2021-01-27 12:52:13,50.5994,97.5228,-3.5,87,100,1.03
345,Narsaq,GL,2021-01-27 12:52:14,60.9167,-46.05,20.26,82,100,2.1
346,Bachatskiy,RU,2021-01-27 12:52:14,54.2927,86.1285,23.95,95,100,19.57
347,Omsukchan,RU,2021-01-27 12:52:14,62.5333,155.8,-35.99,78,100,5.1
348,Lavrentiya,RU,2021-01-27 12:52:14,65.5833,-171.0,-3.14,88,88,9.71
349,Vestmannaeyjar,IS,2021-01-27 12:52:15,63.4427,-20.2734,35.6,64,40,34.52
350,Pimenta Bueno,BR,2021-01-27 12:52:15,-11.6725,-61.1936,76.73,88,100,3.09
351,Tautira,PF,2021-01-27 12:52:15,-17.7333,-149.15,75.2,83,0,3.44
352,Abu Samrah,SY,2021-01-27 12:52:15,35.3029,37.1841,59.83,37,100,7.78
353,Axim,GH,2021-01-27 12:52:15,4.8699,-2.2405,84.22,68,64,7.56
354,Sitka,US,2021-01-27 12:52:16,57.0531,-135.33,26.6,43,1,8.59
355,Aripuana,BR,2021-01-27 12:52:16,-9.1667,-60.6333,76.28,97,100,2.06
356,Itaituba,BR,2021-01-27 12:52:16,-4.2761,-55.9836,78.8,89,75,2.01
357,Hailey,US,2021-01-27 12:52:16,43.5196,-114.3153,21.2,93,90,4.56
358,Salekhard,RU,2021-01-27 12:52:16,66.53,66.6019,-35.01,83,90,2.59
359,Tiznit,MA,2021-01-27 12:48:17,29.5833,-9.5,76.42,21,0,3.51
360,Norman Wells,CA,2021-01-27 12:52:17,65.282,-126.8329,-22.0,83,75,6.91
361,Nikolskoye,RU,2021-01-27 12:52:17,59.7035,30.7861,33.8,93,40,6.71
362,Alta Floresta,BR,2021-01-27 12:51:11,-9.8756,-56.0861,74.7,93,100,2.91
363,Inongo,CD,2021-01-27 12:52:18,-1.95,18.2667,72.66,93,100,6.58
364,Vila Franca Do Campo,PT,2021-01-27 12:52:18,37.7167,-25.4333,64.99,94,75,16.11
365,Grand Forks,US,2021-01-27 12:52:18,47.9417,-97.4337,-18.0,81,55,4.43
366,Kamenka,RU,2021-01-27 12:52:18,51.3223,42.7678,34.0,95,100,15.01
367,Yerbogachen,RU,2021-01-27 12:52:18,61.2767,108.0108,-39.62,80,45,3.0
368,Jobat,IN,2021-01-27 12:52:19,22.4167,74.5667,71.58,24,0,1.48
369,Nemuro,JP,2021-01-27 12:52:20,43.3236,145.575,27.12,91,98,19.71
370,Biak,ID,2021-01-27 12:52:20,-0.9131,122.8766,78.66,71,75,6.33
371,Yumen,CN,2021-01-27 12:52:20,40.2833,97.2,23.94,76,95,7.29
372,Medicine Hat,CA,2021-01-27 12:51:53,50.0501,-110.6683,8.6,85,1,4.61
373,Talcahuano,CL,2021-01-27 12:52:20,-36.7167,-73.1167,57.2,72,0,16.11
374,Am Timan,TD,2021-01-27 12:52:21,11.0297,20.2827,101.25,9,6,5.21
375,Isla Mujeres,MX,2021-01-27 12:52:21,21.2311,-86.731,79.0,84,0,11.99
376,Oktyabrskoye,RU,2021-01-27 12:52:21,43.0645,44.7417,42.8,61,75,4.47
377,Amahai,ID,2021-01-27 12:52:21,-3.3333,128.9167,87.01,69,100,3.0
378,Santa Marinella,IT,2021-01-27 12:52:22,42.0345,11.8536,51.8,37,0,4.61
379,Katobu,ID,2021-01-27 12:52:22,-4.9408,122.5276,77.5,87,90,0.69
380,Canguaretama,BR,2021-01-27 12:52:22,-6.38,-35.1289,84.2,65,40,13.8
381,Mount Gambier,AU,2021-01-27 12:52:23,-37.8333,140.7667,57.2,88,2,9.22
382,Clarence Town,AU,2021-01-27 12:52:23,-32.5833,151.7833,71.01,100,90,20.71
383,Pevek,RU,2021-01-27 12:52:23,69.7008,170.3133,-27.45,85,100,3.09
384,Carutapera,BR,2021-01-27 12:52:23,-1.195,-46.02,85.3,65,20,6.13
385,Meulaboh,ID,2021-01-27 12:52:23,4.1363,96.1285,80.65,77,97,1.77
386,Camocim,BR,2021-01-27 12:52:09,-2.9022,-40.8411,85.05,62,75,9.73
387,Zabol,AF,2021-01-27 12:52:24,32.25,67.25,38.39,59,0,5.77
388,Devaprayag,IN,2021-01-27 12:52:24,30.15,78.6167,55.29,40,0,2.33
389,Mazagao,BR,2021-01-27 12:52:24,-0.115,-51.2894,78.8,94,90,4.61
390,Cuamba,MZ,2021-01-27 12:52:24,-14.8031,36.5372,87.08,59,33,0.13
391,Tigil,RU,2021-01-27 12:52:24,57.8,158.6667,1.22,93,100,6.76
392,Chengde,CN,2021-01-27 12:52:25,40.9725,117.9361,24.78,87,100,6.87
393,Wenling,CN,2021-01-27 12:52:25,28.3669,121.36,51.01,81,81,9.86
394,Abay,KZ,2021-01-27 12:52:25,49.6311,72.8539,23.25,98,100,7.85
395,Hasaki,JP,2021-01-27 12:52:25,35.7333,140.8333,45.0,70,20,10.36
396,Sidney,AU,2021-01-27 12:51:06,-33.8679,151.2073,66.99,99,100,5.99
397,Pombia,IT,2021-01-27 12:52:26,45.653,8.6336,45.0,28,0,2.3
398,Nador,MA,2021-01-27 12:52:26,35.174,-2.9287,69.8,68,0,10.36
399,Zabaykalsk,RU,2021-01-27 12:52:26,49.6333,117.3167,-16.42,85,98,8.05
400,Morros,BR,2021-01-27 12:52:26,-9.4467,-46.3003,82.83,59,100,6.29
401,Ferkessedougou,CI,2021-01-27 12:52:26,9.6,-5.2,96.93,9,22,8.59
402,Dingle,PH,2021-01-27 12:52:26,10.9995,122.6711,75.31,90,100,7.36
403,Mama,RU,2021-01-27 12:52:27,58.3106,112.8986,-34.92,74,23,0.69
404,Uchaly,RU,2021-01-27 12:52:27,54.2996,59.4521,24.87,96,100,9.1
405,Burgeo,CA,2021-01-27 12:52:27,47.6167,-57.6152,27.93,93,72,13.44
406,Usinsk,RU,2021-01-27 12:52:27,65.9939,57.5281,-9.87,90,100,15.93
407,Port Keats,AU,2021-01-27 12:52:27,-14.25,129.55,80.55,83,100,5.46
408,Kalmunai,LK,2021-01-27 12:52:28,7.4167,81.8167,76.73,77,100,12.71
409,Nambucca Heads,AU,2021-01-27 12:52:28,-30.65,153.0,73.99,94,40,12.66
410,Acajutla,SV,2021-01-27 12:52:28,13.5928,-89.8275,77.0,75,0,4.52
411,Baiyin,CN,2021-01-27 12:52:28,36.5583,104.2081,23.0,45,0,4.47
412,Marystown,CA,2021-01-27 12:52:28,47.1666,-55.1483,30.56,93,0,13.98
413,Mao,ES,2021-01-27 12:52:29,39.8885,4.2658,64.4,63,20,10.36
414,Lorengau,PG,2021-01-27 12:52:29,-2.0226,147.2712,82.26,78,100,8.77
415,Irtyshskiy,RU,2021-01-27 12:52:29,58.3333,68.1333,23.7,98,100,5.99
416,Aklavik,CA,2021-01-27 12:52:29,68.2191,-135.0107,-9.4,77,100,6.91
417,Goalpara,IN,2021-01-27 12:52:30,26.1667,90.6167,67.77,47,0,2.01
418,Gangtok,IN,2021-01-27 12:52:30,27.3333,88.6167,44.46,69,35,2.51
419,College,US,2021-01-27 12:52:30,64.8569,-147.8028,-5.01,76,1,2.95
420,Longuenesse,FR,2021-01-27 12:52:30,50.734,2.2352,50.0,97,100,4.0
421,Umm Kaddadah,SD,2021-01-27 12:52:30,13.6017,26.6876,91.58,10,85,10.29
422,Kawalu,ID,2021-01-27 12:52:30,-7.3817,108.2082,71.83,89,100,3.96
423,Umm Lajj,SA,2021-01-27 12:52:31,25.0213,37.2685,75.58,72,27,13.2
424,Warrnambool,AU,2021-01-27 12:52:31,-38.3833,142.4833,59.85,81,100,14.65
425,Qui Nhon,VN,2021-01-27 12:52:31,13.7667,109.2333,72.41,85,100,11.5
426,Potsdam,DE,2021-01-27 12:52:31,52.3989,13.0657,43.0,73,98,1.99
427,Ancud,CL,2021-01-27 12:52:32,-41.8697,-73.8203,55.0,100,90,8.05
428,Hinton,CA,2021-01-27 12:49:43,53.4001,-117.5857,6.8,78,100,4.61
429,Lanzhou,CN,2021-01-27 12:50:00,36.0564,103.7922,23.0,84,0,4.83
430,Castlerea,IE,2021-01-27 12:52:32,53.7667,-8.5,48.99,100,90,6.91
431,Port-Cartier,CA,2021-01-27 12:52:32,50.0334,-66.8654,23.0,63,92,9.22
432,San Juan Del Sur,NI,2021-01-27 12:52:33,11.2529,-85.8705,76.78,79,0,17.56
433,Samarai,PG,2021-01-27 12:52:33,-10.6167,150.6667,83.34,75,100,6.87
434,Planeta Rica,CO,2021-01-27 12:52:33,8.4147,-75.5883,78.66,81,89,5.7
435,Vokhtoga,RU,2021-01-27 12:52:33,58.8147,41.0461,30.15,98,100,12.68
436,Gornopravdinsk,RU,2021-01-27 12:52:33,60.05,69.9,-2.31,91,100,5.57
437,Ratnagiri,IN,2021-01-27 12:52:34,16.9833,73.3,77.29,64,0,11.01
438,Doha,QA,2021-01-27 12:52:34,25.2867,51.5333,78.8,49,0,12.66
439,Crotone,IT,2021-01-27 12:52:34,39.0851,17.1178,50.0,37,0,12.66
440,Nadym,RU,2021-01-27 12:52:34,65.5333,72.5167,-38.43,80,0,9.73
441,Nantucket,US,2021-01-27 12:48:51,41.2835,-70.0995,35.01,100,90,5.75
442,Boguchany,RU,2021-01-27 12:52:35,58.3814,97.4531,-13.0,87,100,8.03
443,Hunterville,NZ,2021-01-27 12:52:35,-39.9333,175.5667,64.0,86,0,13.0
444,Sijunjung,ID,2021-01-27 12:52:35,-0.6876,100.9537,73.98,89,100,0.96
445,Zyryanka,RU,2021-01-27 12:52:35,65.75,150.85,-29.06,85,100,5.37
446,Rodionovo-Nesvetayskaya,RU,2021-01-27 12:52:35,47.6103,39.7121,36.0,87,40,24.61
447,Cap Malheureux,MU,2021-01-27 12:52:36,-19.9842,57.6142,81.0,77,14,4.0
448,Blenheim,NZ,2021-01-27 12:52:36,-41.516,173.9528,61.0,85,94,1.01
449,Pimentel,PE,2021-01-27 12:52:36,-6.8367,-79.9342,71.74,79,38,9.33
450,Kendari,ID,2021-01-27 12:52:37,-3.945,122.4989,77.97,85,100,0.4
451,Nizhneangarsk,RU,2021-01-27 12:52:37,55.7833,109.55,-19.8,77,20,5.7
452,Galesong,ID,2021-01-27 12:52:37,-5.3166,119.3661,77.0,100,20,5.75
453,San Juan,AR,2021-01-27 12:52:37,-31.5375,-68.5364,83.01,37,0,8.21
454,Vallenar,CL,2021-01-27 12:52:37,-28.5708,-70.7581,78.93,34,0,2.75
455,Komsomolskiy,UZ,2021-01-27 12:52:37,40.4272,71.7189,41.0,48,0,4.61
456,Homer,US,2021-01-27 12:52:38,59.6425,-151.5483,24.01,73,1,2.66
457,Salina Cruz,MX,2021-01-27 12:52:38,16.1667,-95.2,72.46,70,77,5.1
458,Fraga,ES,2021-01-27 12:52:38,41.5229,0.3489,60.01,76,20,3.44
459,Cabra,ES,2021-01-27 12:52:38,37.4725,-4.4421,64.4,82,75,1.14
460,Avesta,SE,2021-01-27 12:52:39,60.1455,16.1679,21.0,87,0,3.0
461,Matagami,CA,2021-01-27 12:52:39,49.7502,-77.6328,3.2,92,90,8.05
462,Avera,US,2021-01-27 12:52:39,33.194,-82.5271,55.4,94,90,4.61
463,Caconda,AO,2021-01-27 12:52:39,-13.7333,15.0667,82.4,26,100,9.31
464,Miraflores,MX,2021-01-27 12:52:39,19.2167,-98.8083,53.8,47,82,2.66
465,Itarema,BR,2021-01-27 12:52:40,-2.9248,-39.9167,86.25,58,42,13.73
466,Banda Aceh,ID,2021-01-27 12:52:40,5.5577,95.3222,79.75,80,100,6.38
467,Maputo,MZ,2021-01-27 12:50:29,-25.9653,32.5892,95.0,46,40,11.5
468,Farah,AF,2021-01-27 12:52:40,32.5,62.5,48.9,36,0,2.33
469,Zeya,RU,2021-01-27 12:52:41,53.75,127.2667,-14.01,84,100,4.03
470,Lasa,IT,2021-01-27 12:52:41,46.6166,10.7002,35.01,55,75,2.51
471,Bahia Blanca,AR,2021-01-27 12:48:27,-38.7196,-62.2724,74.23,33,0,8.37
472,Kolosovka,RU,2021-01-27 12:52:41,56.4678,73.611,27.68,99,99,7.72
473,Callaguip,PH,2021-01-27 12:52:42,18.0714,120.4867,78.8,73,40,2.3
474,Narasannapeta,IN,2021-01-27 12:51:01,18.4167,84.05,73.71,82,0,8.81
475,Boulder City,US,2021-01-27 12:52:42,35.9786,-114.8325,39.99,75,90,10.36
476,Spencer,US,2021-01-27 12:52:42,43.1414,-95.1444,5.0,72,75,6.91
477,Mutsu,JP,2021-01-27 12:52:43,41.2894,141.2169,33.01,42,69,8.01
478,Cassilandia,BR,2021-01-27 12:52:43,-19.1133,-51.7342,79.03,73,100,5.1
479,Qaqortoq,GL,2021-01-27 12:52:43,60.7167,-46.0333,19.44,82,100,4.14
480,Cave Spring,US,2021-01-27 12:52:43,37.2276,-80.0128,44.6,61,20,8.05
481,Kidal,ML,2021-01-27 12:52:44,18.4411,1.4078,87.62,10,0,15.66
482,Rantepao,ID,2021-01-27 12:52:44,-2.9701,119.8978,69.57,87,100,2.86
483,Hovd,MN,2021-01-27 12:52:44,48.0056,91.6419,3.88,75,100,2.1
484,Thurso,GB,2021-01-27 12:51:40,58.5927,-3.5259,37.4,81,40,9.22
485,Kabansk,RU,2021-01-27 12:52:44,52.0486,106.6528,-14.8,76,39,4.47
486,Ihiala,NG,2021-01-27 12:52:45,5.8538,6.8603,101.25,26,100,2.13
487,Auki,SB,2021-01-27 12:52:45,-8.7676,160.7034,79.52,83,100,6.44
488,Zerbst,DE,2021-01-27 12:52:45,51.9667,12.0833,43.0,73,98,7.0
489,Cockburn Town,TC,2021-01-27 12:52:46,21.4612,-71.1419,75.18,77,4,18.84
490,Najran,SA,2021-01-27 12:52:46,17.4924,44.1277,77.0,20,0,11.5
491,Waingapu,ID,2021-01-27 12:52:46,-9.6567,120.2641,79.29,81,100,9.53
492,Tilichiki,RU,2021-01-27 12:52:47,60.4667,166.1,-10.39,91,100,14.81
493,Anadyr,RU,2021-01-27 12:52:47,64.75,177.4833,12.2,85,40,33.55
494,Diamantino,BR,2021-01-27 12:52:47,-14.4086,-56.4461,80.94,73,100,5.55
495,Karratha,AU,2021-01-27 12:52:47,-20.7377,116.8463,86.47,48,0,18.14
496,Perivolion,GR,2021-01-27 12:52:48,39.4206,20.0147,51.8,37,20,19.57
497,Monte Redondo,PT,2021-01-27 12:52:48,39.8993,-8.8317,61.0,91,100,1.41
498,Poya,NC,2021-01-27 12:52:48,-21.35,165.15,76.26,80,95,3.58
499,Inhambane,MZ,2021-01-27 12:52:48,-23.865,35.3833,89.6,70,40,14.97
500,Mackenzie,CA,2021-01-27 12:52:49,55.2999,-123.1698,5.0,56,90,8.05
501,Lerwick,GB,2021-01-27 12:52:49,60.1545,-1.1494,35.6,69,20,5.75
502,Chitral,PK,2021-01-27 12:52:49,35.8462,71.7858,29.43,66,60,5.75
503,Gao,ML,2021-01-27 12:50:32,16.6362,1.637,87.93,9,0,13.35
504,Port Hedland,AU,2021-01-27 12:52:49,-20.3167,118.5667,87.8,42,14,10.36
505,Trairi,BR,2021-01-27 12:52:14,-3.2778,-39.2689,86.95,57,17,10.71
506,San Ramon De La Nueva Oran,AR,2021-01-27 12:50:38,-23.1322,-64.326,81.0,79,1,1.99
507,Nelson Bay,AU,2021-01-27 12:52:50,-32.7167,152.15,72.0,100,90,20.71
508,Gangapur,IN,2021-01-27 12:52:50,26.4833,76.7167,56.37,38,0,4.56
509,Alberton,CA,2021-01-27 12:52:50,46.8168,-64.0654,30.2,93,0,11.5
510,Albertville,US,2021-01-27 12:52:51,34.2676,-86.2089,51.01,87,1,3.44
511,Zrenjanin,RS,2021-01-27 12:52:01,45.3836,20.3819,37.4,60,75,14.97
512,Fukue,JP,2021-01-27 12:52:51,32.6881,128.8419,51.76,74,0,22.08
513,Tortoli,IT,2021-01-27 12:52:51,39.9256,9.6572,54.0,51,100,1.05
514,Puyang,CN,2021-01-27 12:52:51,29.4603,119.8861,50.0,62,100,2.75
515,Bontang,ID,2021-01-27 12:52:52,0.1333,117.5,80.49,79,97,3.89
516,Manokwari,ID,2021-01-27 12:52:52,-0.8667,134.0833,77.9,84,100,16.17
517,Sioux Lookout,CA,2021-01-27 12:51:19,50.1001,-91.917,-22.0,76,90,3.13
518,Riyadh,SA,2021-01-27 12:52:52,24.6877,46.7219,75.2,15,0,17.27
519,Te Anau,NZ,2021-01-27 12:50:11,-45.4167,167.7167,49.93,81,74,5.7
520,Merauke,ID,2021-01-27 12:52:53,-8.4667,140.3333,81.21,83,100,12.91
521,Nsanje,MW,2021-01-27 12:52:53,-16.92,35.262,91.76,53,26,4.23
522,Tomatlan,MX,2021-01-27 12:52:53,19.9333,-105.25,60.87,52,100,1.83
523,Rybnaya Sloboda,RU,2021-01-27 12:52:53,55.4613,50.1409,24.8,80,0,20.13
524,Okha,RU,2021-01-27 12:52:53,53.5739,142.9478,7.92,95,100,10.16
525,Marsh Harbour,BS,2021-01-27 12:52:54,26.5412,-77.0636,74.44,85,51,12.57
526,Moram,IN,2021-01-27 12:52:54,17.8,76.4667,78.94,26,0,2.46
527,Coihaique,CL,2021-01-27 12:52:54,-45.5752,-72.0662,50.0,87,90,5.84
528,Chifeng,CN,2021-01-27 12:52:54,42.2683,118.9636,9.48,88,83,7.9
529,Kaseda,JP,2021-01-27 12:52:54,31.4167,130.3167,44.6,93,0,4.61
530,Kantang,TH,2021-01-27 12:52:55,7.4054,99.5156,82.4,69,20,5.75
531,Colac,AU,2021-01-27 12:50:50,-38.3333,143.5833,60.01,41,100,5.01
532,Okhotsk,RU,2021-01-27 12:52:55,59.3833,143.3,-13.58,78,7,9.46
533,Mishan,CN,2021-01-27 12:49:14,45.55,131.8833,-3.69,88,0,3.4
534,Hualmay,PE,2021-01-27 12:52:56,-11.0964,-77.6139,72.43,73,93,7.05
535,Blagoyevo,RU,2021-01-27 12:52:56,63.3667,47.9167,29.37,98,100,8.75
536,Zhezkazgan,KZ,2021-01-27 12:52:56,47.8043,67.7144,14.29,97,27,5.57
537,Bundaberg,AU,2021-01-27 12:52:56,-24.85,152.35,78.01,78,40,6.91
538,Moron,AR,2021-01-27 12:50:56,-34.6534,-58.6198,81.0,57,0,9.22
539,Maripi,CO,2021-01-27 12:52:57,5.5519,-74.0086,69.8,62,85,0.92
540,Hamilton,US,2021-01-27 12:48:51,39.1834,-84.5333,33.8,80,90,8.05
541,Antibes,FR,2021-01-27 12:50:58,43.5624,7.1278,53.6,50,20,4.61
542,Antalaha,MG,2021-01-27 12:52:57,-14.9003,50.2788,84.0,67,2,7.54
543,Kitahiroshima,JP,2021-01-27 12:52:57,42.9758,141.5672,28.4,64,75,13.8
544,Rio Gallegos,AR,2021-01-27 12:52:57,-51.6226,-69.2181,48.2,49,75,19.57
545,Grand-Lahou,CI,2021-01-27 12:52:58,5.1367,-5.0242,83.57,71,100,7.18
546,Abu Kamal,SY,2021-01-27 12:52:58,34.4506,40.9171,63.07,28,100,16.87
547,Warrington,GB,2021-01-27 12:48:25,53.3925,-2.5802,50.0,93,40,3.44
548,Bagdarin,RU,2021-01-27 12:52:58,54.4333,113.6,-21.24,79,69,4.52
549,Mpika,ZM,2021-01-27 12:52:59,-11.8343,31.4529,75.49,72,38,4.41
550,Balsta,SE,2021-01-27 12:52:59,59.5671,17.5278,24.8,93,90,6.91
551,Colombia,CU,2021-01-27 12:52:59,20.9881,-77.4297,68.0,100,20,5.75
552,Sao Paulo De Olivenca,BR,2021-01-27 12:53:00,-3.3783,-68.8725,76.41,90,100,1.05
